,code,title
0,0788816462,My-Favorite-Martian-Christopher-Lloyd
1,1558908374,101-Dalmatians-Glenn-Close
2,1558908404,Flubber-Robin-Williams
3,1558908412,Mr-Magoo-Widescreen-Leslie-Nielsen
4,6304711867,GEORGE-JUNGLE-Brendan-Fraser
5,6304711921,WILLTOP-Compatible-Magnetic-Wireless-Charging
6,6305090602,Beauty-Beast-Enchanted-Paige-OHara
7,6305320950,Mighty-Joe-Young-Bill-Paxton
8,6305616027,Inspector-Gadget-Matthew-Broderick
9,6305784116,Aristocats-Disney-Gold-Classic-Collection
10,6305940959,Little-Mermaid-II-Return-Sea
11,6305942331,Tigger-Movie-Jim-Cummings
12,6305949980,WILLTOP-Compatible-Magnetic-Wireless-Charging
13,630595027X,James-Giant-Peach-Special-Terry
14,6305950547,Mickeys-Christmas-Disney-Classic-Collection
15,B00001QEBQ,Mulan-Disney-Gold-Classic-Collection
16,B00001QEE2,Hercules-Limited-Tate-Donovan
17,B00001QEE3,101-Dalmatians-Limited-Issue-Taylor
18,B00001QEE4,Lion-King-II-Simbas-Limited
19,B00001QEE5,Peter-Limited-Issue-Bobby-Driscoll
20,B00001QEE6,Tramp-Limited-Issue-Barbara-Luddy
21,B00001QEE7,Little-Mermaid-Limited-Issue
22,B00001QEE8,Jungle-Book-Limited-Issue
23,B00001QEE9,Pinocchio-Disney-Gold-Classic-Collection
24,B00001TZ6K,Mickeys-Once-Upon-Christmas
25,B00001U0DR,Bugs-Life-Collectors-Kevin-Spacey
26,B000035Z2T,Tarzan-Tony-Goldwyn
27,B000035Z48,Extremely-Goofy-Movie-Bill-Farmer
28,B000035Z50,Tarzan-Disney-Collectors-Tony-Goldwyn
29,B00003CWPX,Fantasia-2000-James-Levine
30,B00003CX8Y,Beauty-Beast-Platinum-Paige-OHara
31,B00003CX9W,Fantasia-Special-Anniversary-Leopold-Stokowski
32,B00003CXB4,Lion-King-Two-Disc-Platinum
33,B00003CXCQ,Young-ELI-Readers-Fairy-Multi-ROM
34,B00003CXHS,Dinosaur-2-Disc-Collectors-D-B-Sweeney
35,B00003CXQ7,102-Dalmatians-Widescreen-Glenn-Close
36,B00003CXQY,Emperors-New-Groove-Ultimate-Collectors
37,B00003CXWJ,Spy-Kids-Alexa-PenaVega
38,B00004R993,Hound-Disney-Gold-Classic-Collection
39,B00004R995,Three-Caballeros-Joaquin-Garay
40,B00004R997,Saludos-Amigos-Disney-Classic-Collection
41,B00004R999,Bugs-Life-Disney-Classic-Collection
42,B00004R99B,Make-Music-Disney-Classic-Collection
43,B00004R99D,Melody-Time-Disney-Classic-Collection
44,B00004R99F,Goofy-Movie-Disney-Classic-Collection
45,B00004R99H,Fancy-Free-Disney-Classic-Collection
46,B00004R99J,Pocahontas-Disney-Gold-Classic-Collection
47,B00004R99L,Alice-Wonderland-Disney-Classic-Collection
48,B00004R99O,Rescuers-Down-Under-Gold-Collection
49,B00004R99Q,Robin-Hood-Disney-Classic-Collection
50,B00004R99S,Hercules-Gold-Collection-Barbara-Barrie
51,B00004R99U,Pocahontas-II-Journey-Classic-Collection
52,B00004R99W,Black-Cauldron-Disney-Classic-Collection
53,B00004R99Y,Adventures-Ichabod-Disney-Classic-Collection
54,B00004R9A0,Sword-Stone-Disney-Classic-Collection
55,B00004R9A4,Bedknobs-Broomsticks-Angela-Lansbury
56,B00004R9A6,Petes-Dragon-Gold-Collection-Marshall
57,B00004T2SJ,Buzz-Lightyear-Star-Command-Adventure
58,B00004U9WQ,Toy-Story-Pack
59,B00004U9WR,Toy-Story-Ultimate-Box-Collectors
60,B00004WL3E,Nightmare-Before-Christmas-Special-Editions
61,B00004Y7S5,Fantasia-Anthology-3-Disc-Collectors
62,B000050MN3,Dinosaur-D-B-Sweeney
63,B0000524D0,Lady-Tramp-II-Scamps-Adventure
64,B000059TCD,Dalmatians-Full-Screen-Glenn-Close
65,B000059TCE,101-Dalmatians-Widescreen-Full-Screen
66,B000059XUT,Toy-Story-Tom-Hanks
67,B000059Z8M,Toy-Story-2-Tim-Allen
68,B00005A1RF,Book-Pooh-Stories-Heart
69,B00005AR3G,Emperors-New-Groove-David-Spade
70,B00005JKDR,Monsters-Two-Disc-Collectors-Billy-Crystal
71,B00005JKHN,Sleeping-Beauty-Special-Mary-Costa
72,B00005JKX4,Peter-Pan-Return-Never-Land
73,B00005JL96,Lilo-Stitch-Daveigh-Chase
74,B00005JLR2,Treasure-Planet-Joseph-Gordon-Levitt
75,B00005JMB3,Stitch-Movie-Daveigh-Chase
76,B00005K9OE,Mickeys-Magical-Christmas-Snowed-House
77,B00005K9OF,Recess-Christmas-Miracle-Third-Street
78,B00005KAQJ,Recess-Schools-Out-Andrew-Lawrence
79,B00005KARI,Whispers-Elephants-Tale-Angela-Bassett
80,B00005KARK,Dumbo-60th-Anniversary-Sterling-Holloway
81,B00005O06B,Disney-Pixar-Three-Pack-Story-Bugs
82,B00005RDSM,Peter-Pan-Special-Bobby-Driscoll
83,B00005RDSN,Atlantis-Lost-Empire-2-Disc-Collectors
84,B00005RDSQ,Atlantis-Empire-Michael-J-Fox
85,B00005RDST,Disneys-American-Legends-Alfree-Woodard
86,B00005T5YC,Rudyard-Kiplings-Jungle-Jason-Scott
87,B00005T7H3,Hunchback-Notre-Dame-II
88,B00005T7H5,Great-Mouse-Detective-Vincent-Price
89,B00005T7H7,Cinderella-II-Dreams-Come-True
90,B00005T7HD,Many-Adventures-Winnie-Pooh-Anniversary
91,B00005TN8K,Hunchback-Notre-Dame-Demi-Moore
92,B000063V8G,Mickeys-House-Villains-Wayne-Allwine
93,B000063V8M,Tarzan-Jane-Michael-T-Weiss
94,B0000640VM,Oliver-Company-Special-Joey-Lawrence
95,B0000649EQ,Beauty-Beast-Anniversary-DIGITAL-Blu-ray
96,B000065V3X,Babes-Toyland-Ray-Bolger
97,B000065V43,Honey-I-Blew-Up-Kid
98,B000065V44,Honey-Shrunk-Ourselves-Rick-Moranis
99,B0000683BE,Beauty-Beast-Enchanted-Christmas-Special
100,B000068MBO,Winnie-Pooh-Frankenpooh-Spookable
101,B000068MC6,Adventures-Tom-Thumb-Thumbelina
102,B000068NLQ,Tarzan-Disney-Read-Along-Artist-Provided
103,B000068NLR,Little-Mermaid-Disney-Read-Along
104,B000068NLS,Toy-Story-2-Disney-Read-Along
105,B000068NLT,Monsters-Disney-Read-Along-Artist-Provided
106,B000068QPM,Jungle-2-Tim-Allen
107,B0000694ZS,Winnie-Pooh-Very-Merry-Year
108,B00006LPAJ,Beauty-Disney-Read-Along-Artist-Provided
109,B00006LPHB,Country-Bears-Haley-Joel-Osment
110,B00006SFIP,Stitch-Disney-Read-Along-Artist-Provided
111,B0000764K0,Inspector-Gadget-2-French-Stewart
112,B00007ELG3,Spy-Kids-Island-Dreams-Collectors
113,B00007LVCT,Beauty-Beast-Belles-Magical-Special
114,B00008432N,Disneys-Sing-Along-Songs-Piglet
115,B00008432O,Disneys-Sing-Along-Songs-Circle
116,B000085EF7,Inspector-Gadget-Matthew-Broderick
117,B000087EXZ,Jungle-Book-Disney-Read-Along
118,B000087EY0,Disney-Lion-King-Matthew-Broderick
119,B000089799,Tom-Huck-Jonathan-Taylor-Thomas
120,B000089G5O,Atlantis-Milos-Return-James-Taylor
121,B00008DDR8,Treasure-Planet-Disney-Read-Along-Roscoe
122,B00008Y47T,Jungle-Book-2-John-Goodman
123,B000096IAI,Rescuers-Bob-Newhart
